eg,essamelhadary1
eg,sherifekramyofficial
eg,m.elshenawy1
eg,elmohamady
eg,mohamedabdelshafy_of
eg,omargaber_4
eg,saadsamir.official
eg,karimhafez45
eg,aymanashraf12
eg,amrotarekk
eg,mahmoudhamdy_28
eg,elnennym
eg,abdallahelsaid19
eg,shikabala7
eg,ramadansobhi51
eg,tarekhamed_3
eg,mosalah
eg,marwan_mohsen9
eg,hassankogba9
ru,igorakinfeev_35
ru,vladimir_gabulov
ru,soslan_dzhanaev
ru,19smolnikov_official
ru,romainnewton
ru,19samedov84
ru,cheryshev90
ru,artem.dzyuba
ru,miranchgbaleksei
sa,osamahawsawi3
sa,omar.4h
sa,iyasser12
sa,motaz_hawsawi.25
sa,29salem
sa,abdullahotayf8
uy,muslera
uy,fcmartinsilva1
uy,martin_campana
uy,diegogodin
uy,martincaceres_7
uy,josemariagimenez
uy,sebastiancoates16
uy,gsilva.94
uy,guillermovarela4
uy,nicolaslodeiro
uy,carlossanchez6
uy,vecino
uy,g10dearrascaeta
uy,rodrigo_bentancur
uy,cdlss93
uy,jonathan_urretaviscaya_oficial
uy,ltorreira34
uy,cavaniofficial21
uy,luissuarez9
uy,stuanicristhian
pt,rpatricio1
pt,brunoralves2oficiall
pt,official_pepe
pt,mfernandes1818
pt,raphaelguerreiro14
pt,f6nte
pt,cristiano
pt,j.moutinho98
pt,andresilva9
pt,joaome10
pt,bernardocarvalhosilva
pt,anthonylopes12
pt,rubendias
pt,wcarvalho14
pt,ri_pereira
pt,brunofernandes.10
pt,goncaloguedes15
pt,delsondany77
pt,mariorui_6
pt,ricardoquaresmaoficial
pt,cedricsoares41
pt,adriensilva23
ir,alirezabeiranvand.official
ir,rashid.mazaheri12
ir,abedz
ir,p.montazeri33
ir,raminrezaeian
ir,masoudsshojaei
ir,ashkandejagah
ir,vahid.amiri.official
ir,omidebrahimi_
ir,saman.ghoddos
ir,ali_gholizadeh11
ir,kariiiiim10
ir,rgucci16
ir,alirezajb_official
ir,sardar_azmoun
gb,jbutland_
gb,jpickford1
gb,garyjcahill
gb,fabian_delph
gb,philjones_4
gb,harrymaguire93
gb,johnstonesofficial
gb,ktrippier2
gb,kylewalker2
gb,youngy_18
gb,ericdier15
gb,jhenderson
gb,jesselingard
gb,rubey_lcheek
gb,harrykane
gb,marcusrashford
gb,sterling7
gb,vardy7
gb,dannywelbeck
es,d_dedeaofficial
es,josereinaofficial
es,kepaarrizabalaga
es,sergioramos
es,3derardpique
es,jordialbaoficial
es,cesarazpi
es,dani.carvajal.2
es,nachofdez90
es,nachomonreal_
es,andresiniesta8
es,koke6
es,iscoalarcon
es,marcoasensio10
es,david21lva
es,sergiobusquets5official
es,diego.costa
es,i.aspas10
es,lucasvazquez91
fr,iamhuyolloris
fr,benpavard21
fr,kimpembe3
fr,raphaelvarane
fr,samumtiti
fr,paulpogba
fr,antogriezmann
fr,oliviergiroudofficial
fr,k.mbappe29
fr,o.dembele7
fr,corentintolisso
fr,nglkante
fr,blaisematuidiofficiel
fr,iamnzonzi15
fr,stevemandanda1
fr,adilrami
fr,nabilfekir
fr,djibrilsidibe_s3
fr,flotov
fr,benmendy23
fr,areolaofficiel
de,berndleno1
de,manuelneuer
de,kevintrapp
de,jeromeboateng
de,matzeginter28
de,aussenrist15
de,jok_32
de,platte21_official
de,toniruedider
de,nsuele25
de,jonathantah_
de,julianbrandt
de,draxlerofficial
de,leon_goretzka
de,sami_khedira6
de,toni.kr8s
de,m10_official
de,marcinho11
de,rudy_sebastian19
de,leroysane19
de,mario
de,esmuellert
de,nils_petersen18
de,timowerner